"name","maps_url","phone","website","type","rating","reviews","price","address","hours","description","review","image_url"
"Smooth Smile Dental Studio (Dr. Hanan Haroon Ch)","https://www.google.com/maps/place/Smooth+Smile+Dental+Studio+%28Dr.+Hanan+Haroon+Ch%29/data=!4m7!3m6!1s0x391901b31123e44d:0xffbf1cf47c750dd2!8m2!3d31.4067854!4d74.2663475!16s%2Fg%2F11v19bbmbk!19sChIJTeQjEbMBGTkR0g11fPQcv_8?authuser=0&amp;hl=en&amp;rclk=1","'03145190000","https://smoothsmiledentalstudio.org/","","4.9","","","","","","",""
"Dental Aesthetics","https://www.google.com/maps/place/Dental+Aesthetics/data=!4m7!3m6!1s0x39190673f9538229:0x9a3c0cbac6f89782!8m2!3d31.471864!4d74.3756495!16s%2Fg%2F11bzs4pdxw!19sChIJKYJT-XMGGTkRgpf4xroMPJo?authuser=0&amp;hl=en&amp;rclk=1","'03032737773","https://dentalaesthetics.pk/","","4.5","","","","Open · Closes 6 PM · +92 303 2737773WebsiteDirections","+92 303 2737773WebsiteDirections","",""
"Al Aziz Family Dental clinic 24/7 open  4.5Dental clinic ·  · near hockey stadiumOpen 24 hours · +92 321 4397073WebsiteDirections","https://www.google.com/maps/place/Al+Aziz+Family+Dental+clinic+24%2F7+open/data=!4m7!3m6!1s0x3919016591358891:0x3e8756b78233e44b!8m2!3d31.4559472!4d74.2805959!16s%2Fg%2F11b7227sld!19sChIJkYg1kWUBGTkRS-QzgrdWhz4?authuser=0&amp;hl=en&amp;rclk=1","'03214397073","https://alazizcare.site/","","4.5","","","","","","",""
"Smile Hub Clinics","https://www.google.com/maps/place/Smile+Hub+Clinics/data=!4m7!3m6!1s0x391901f990d9349d:0xdc275d126024079c!8m2!3d31.462573!4d74.2746528!16s%2Fg%2F11kvq1skk5!19sChIJnTTZkPkBGTkRnAckYBJdJ9w?authuser=0&amp;hl=en&amp;rclk=1","'03035995990","https://www.instagram.com/smilehubclinics/","","4.8","","","599 Main Blvd","Closed · Opens 10 AM Mon · +92 303 5995990WebsiteDirections","Mon · +92 303 5995990WebsiteDirections","",""
"Teeth and Smile Dental Clinic","https://www.google.com/maps/place/Teeth+and+Smile+Dental+Clinic/data=!4m7!3m6!1s0x3919051fd421492f:0xcb0e9062d0550ee4!8m2!3d31.5104717!4d74.3523501!16s%2Fg%2F11trrldflz!19sChIJL0kh1B8FGTkR5A5V0GKQDss?authuser=0&amp;hl=en&amp;rclk=1","'03277088881","https://teethandsmile.pk/","","4.9","","","","Closed · Opens 12 PM · +92 327 7088881WebsiteDirections","+92 327 7088881WebsiteDirections","",""
"Dental Avenue Hospital","https://www.google.com/maps/place/Dental+Avenue+Hospital/data=!4m7!3m6!1s0x39190581fec9fc51:0x34633cd5821d0850!8m2!3d31.5444083!4d74.4025076!16s%2Fg%2F11q3phvj1b!19sChIJUfzJ_oEFGTkRUAgdgtU8YzQ?authuser=0&amp;hl=en&amp;rclk=1","'03330606601","https://dentalavenue.pk/","","4.8","","","","Closed · Opens 11 AM Mon · +92 333 0606601WebsiteDirections","Mon · +92 333 0606601WebsiteDirections","",""
"Cantt Dental Care","https://www.google.com/maps/place/Cantt+Dental+Care/data=!4m7!3m6!1s0x39190509c0a7204b:0x88cf62d0f9724e02!8m2!3d31.5496327!4d74.3896185!16s%2Fg%2F11h_42_wtk!19sChIJSyCnwAkFGTkRAk5y-dBiz4g?authuser=0&amp;hl=en&amp;rclk=1","'03000321321","https://canttdentalcare.com/","","4.9","","","","Closed · Opens 12 PM Mon · +92 300 0321321WebsiteDirections","Mon · +92 300 0321321WebsiteDirections","",""
"Ghauri Dental Center","https://www.google.com/maps/place/Ghauri+Dental+Center/data=!4m7!3m6!1s0x39190f26f03dc20f:0x7a1283c9c6a9a8c6!8m2!3d31.4833429!4d74.4090207!16s%2Fg%2F11g0hywhjl!19sChIJD8I98CYPGTkRxqipxsmDEno?authuser=0&amp;hl=en&amp;rclk=1","'03333711434","http://www.ghauridentalcenter.com/","","4.9","","","","","","",""
"Smile Solutions","https://www.google.com/maps/place/Smile+Solutions/data=!4m7!3m6!1s0x39191bf951ab45cf:0x99f9097989254a41!8m2!3d31.489078!4d74.3257141!16s%2Fg%2F11sf1dw4wq!19sChIJz0WrUfkbGTkRQUoliXkJ-Zk?authuser=0&amp;hl=en&amp;rclk=1","'03000933343","http://www.smilesolutions.pk/","","4.9","","","","Closed · Opens 3 PM · +92 300 0933343WebsiteDirections","+92 300 0933343WebsiteDirections","",""
"SmileOn Dental","https://www.google.com/maps/place/SmileOn+Dental/data=!4m7!3m6!1s0x391901b0bfa8bf01:0xcefa46ebd8c4f805!8m2!3d31.4413377!4d74.2677193!16s%2Fg%2F11fsk08z5d!19sChIJAb-ov7ABGTkRBfjE2OtG-s4?authuser=0&amp;hl=en&amp;rclk=1","'03311066666","https://www.smileon.pk/","","4.9","","","","Closed · Opens 11 AM Mon · +92 331 1066666WebsiteDirections","Mon · +92 331 1066666WebsiteDirections","",""
"Dr Momina Amjad Dental Consultant","https://www.google.com/maps/place/Dr+Momina+Amjad+Dental+Consultant/data=!4m7!3m6!1s0x391905004e254b59:0x1c375f0d879022dd!8m2!3d31.5667795!4d74.4003627!16s%2Fg%2F11x5jb37s2!19sChIJWUslTgAFGTkR3SKQhw1fNxw?authuser=0&amp;hl=en&amp;rclk=1","'03334323360","","","5.0","","","","","","",""
"Dr. Zeeshan Tahir - Dentist","https://www.google.com/maps/place/Dr.+Zeeshan+Tahir+-+Dentist/data=!4m7!3m6!1s0x39190548e2babea9:0xf7a010d711874c9f!8m2!3d31.4728291!4d74.3244772!16s%2Fg%2F11jrwhfdxn!19sChIJqb664kgFGTkRn0yHEdcQoPc?authuser=0&amp;hl=en&amp;rclk=1","'03154077259","http://www.drzeeshantahir.com/","","5.0","","","","Closed · Opens 12 PM Mon · +92 315 4077259WebsiteDirections","Mon · +92 315 4077259WebsiteDirections","",""
"Best Dental Clinic","https://www.google.com/maps/place/Best+Dental+Clinic/data=!4m7!3m6!1s0x206e510a7199ba03:0x30b0ed91b5e5a35a!8m2!3d31.533782!4d74.3319176!16s%2Fg%2F11vplxfh9w!19sChIJA7qZcQpRbiARWqPltZHtsDA?authuser=0&amp;hl=en&amp;rclk=1","'03144317775","http://bestdentallahore.pk/","","5.0","","","","Closed · Opens 5:30 PM Mon · +92 314 4317775WebsiteDirections","Mon · +92 314 4317775WebsiteDirections","",""
"iDentist","https://www.google.com/maps/place/iDentist/data=!4m7!3m6!1s0x3919058b65c2f889:0x73d0d796901a9bb9!8m2!3d31.4886917!4d74.3269528!16s%2Fg%2F11g072fh8c!19sChIJifjCZYsFGTkRuZsakJbX0HM?authuser=0&amp;hl=en&amp;rclk=1","'03078333600","https://oladoc.com/pakistan/lahore/dr/dentist/hira-anees/268906","","4.9","","","","Closed · Opens 3:30 PM Mon · +92 307 8333600WebsiteDirections","Mon · +92 307 8333600WebsiteDirections","",""
"Dental Clinic Lahore by Dr Ayesha Dentist doctor","https://www.google.com/maps/place/Dental+Clinic+Lahore+by+Dr+Ayesha+Dentist+doctor/data=!4m7!3m6!1s0x391903e91cf4893f:0x113a2c03fe92fc44!8m2!3d31.4732152!4d74.2591497!16s%2Fg%2F11rxxjh5gc!19sChIJP4n0HOkDGTkRRPyS_gMsOhE?authuser=0&amp;hl=en&amp;rclk=1","'03104339470","https://drayeshaayubdentalsurgeon.com/","","4.9","","","","Closed · Opens 4 PM Mon · +92 310 4339470WebsiteDirections","Mon · +92 310 4339470WebsiteDirections","",""
"Dr M/M Rehman's🦷32 Dental Clinic and Implant center🦷  4.7Dentist · At U-turn, Gate#4, 2 Street 2, opposite DHA RahbarOpen 24 hours · +92 300 4964111WebsiteDirections","https://www.google.com/maps/place/Dr+M%2FM+Rehman%27s%F0%9F%A6%B732+Dental+Clinic+and+Implant+center%F0%9F%A6%B7/data=!4m7!3m6!1s0x3919015e1dbd5899:0x3a1cd2aad93f2fd1!8m2!3d31.3887287!4d74.273577!16s%2Fg%2F11q7fxm6xk!19sChIJmVi9HV4BGTkR0S8_2arSHDo?authuser=0&amp;hl=en&amp;rclk=1","'03004964111","http://www.facebook.com/profile.php?id=100069922012977","","4.7","","","","","","",""
"32 Dental Care & Implant Center  4.6Dental clinic ·  · 153Open 24 hours · +92 331 4969588WebsiteDirections","https://www.google.com/maps/place/32+Dental+Care+%26+Implant+Center/data=!4m7!3m6!1s0x39190352729ab06f:0x1ed88b610fbf8f39!8m2!3d31.483717!4d74.3082615!16s%2Fg%2F11f6bd_h7s!19sChIJb7CaclIDGTkROY-_D2GL2B4?authuser=0&amp;hl=en&amp;rclk=1","'03314969588","https://m.facebook.com/Dr-Mannans-32-Dental-Care-Implant-Center-231224110999218/?tsid=0.7443344203100954&source=result","","4.6","","","","","","",""
"Lahore Dental Care - Dentist Dr. Hasnain Nizami","https://www.google.com/maps/place/Lahore+Dental+Care+-+Dentist+Dr.+Hasnain+Nizami/data=!4m7!3m6!1s0x3919036964cdabcb:0x8f86735bb162dccf!8m2!3d31.5387302!4d74.3058654!16s%2Fg%2F11rscvbbwl!19sChIJy6vNZGkDGTkRz9xisVtzho8?authuser=0&amp;hl=en&amp;rclk=1","'03333214226","https://lahoredentalcare.com/","","4.9","","","","Closed · Opens 12:30 PM · +92 333 3214226WebsiteDirections","+92 333 3214226WebsiteDirections","",""
"DH Dental Clinic","https://www.google.com/maps/place/DH+Dental+Clinic/data=!4m7!3m6!1s0x391903f65a493557:0xac3bd7abf4ce6153!8m2!3d31.4797571!4d74.2804939!16s%2Fg%2F11f5_hczhv!19sChIJVzVJWvYDGTkRU2HO9KvXO6w?authuser=0&amp;hl=en&amp;rclk=1","'03223368251","http://www.dh.dental/","","4.9","","","1 Canal Rd","Closed · Opens 10 AM Mon · +92 322 3368251WebsiteDirections","Mon · +92 322 3368251WebsiteDirections","",""
"Laser Dental Solutions and implant center by Dr Abid Naeem","https://www.google.com/maps/place/Laser+Dental+Solutions+and+implant+center+by+Dr+Abid+Naeem/data=!4m7!3m6!1s0x391903dddd46c803:0x5d856ffc52739ba1!8m2!3d31.4704319!4d74.2741102!16s%2Fg%2F11hc2f_pw6!19sChIJA8hG3d0DGTkRoZtzUvxvhV0?authuser=0&amp;hl=en&amp;rclk=1","'03344229786","http://fb.com/","","5.0","188","","","","","Best Experience of wisdom tooth extraction with painless anesthesia pen.",""
"Askari Dental Care (Implant & Aesthetic centre)","https://www.google.com/maps/place/Askari+Dental+Care+%28Implant+%26+Aesthetic+centre%29/data=!4m7!3m6!1s0x39190f82d5363d65:0xcafb9de667b64052!8m2!3d31.5334502!4d74.4087039!16s%2Fg%2F11p041v7vf!19sChIJZT021YIPGTkRUkC2Z-ad-8o?authuser=0&amp;hl=en&amp;rclk=1","'03360104751","http://www.askaridentalcare.com/","","4.6","","","","","","",""
"Dental Square","https://www.google.com/maps/place/Dental+Square/data=!4m7!3m6!1s0x3919019c0bd886d1:0x43dbd55f442ffac2!8m2!3d31.4552758!4d74.2200022!16s%2Fg%2F11frnkn6vr!19sChIJ0YbYC5wBGTkRwvovRF_V20M?authuser=0&amp;hl=en&amp;rclk=1","'03358706212","https://dentalsquare.com.pk/","","4.9","","","","Closed · Opens 7 PM Mon · +92 335 8706212WebsiteDirections","Mon · +92 335 8706212WebsiteDirections","",""
"Al-Fatima Dental Clinic","https://www.google.com/maps/place/Al-Fatima+Dental+Clinic/data=!4m7!3m6!1s0x39190122faedf8e9:0xe612312193ad8e9d!8m2!3d31.442584!4d74.2549931!16s%2Fg%2F11sr1krq8y!19sChIJ6fjt-iIBGTkRnY6tkyExEuY?authuser=0&amp;hl=en&amp;rclk=1","'03274945469","","","5.0","","","","Open · Closes 3 AM · +92 327 4945469Directions","+92 327 4945469Directions","",""
"OraDent Clinic","https://www.google.com/maps/place/OraDent+Clinic/data=!4m7!3m6!1s0x391904f0a81ca367:0x47a916f71a5a9761!8m2!3d31.5272865!4d74.3478621!16s%2Fg%2F11xdpvfm7!19sChIJZ6McqPAEGTkRYZdaGvcWqUc?authuser=0&amp;hl=en&amp;rclk=1","'03224662470","http://www.oradentclinic.com/","","4.8","","","","Closed · Opens 12 PM · +92 322 4662470WebsiteDirections","+92 322 4662470WebsiteDirections","",""
"Hafiz dental clinic","https://www.google.com/maps/place/Hafiz+dental+clinic/data=!4m7!3m6!1s0x3919055b5f5684f7:0x9fcf070ee8bf9e2a!8m2!3d31.4891437!4d74.369171!16s%2Fg%2F11lh6dwng5!19sChIJ94RWX1sFGTkRKp6_6A4Hz58?authuser=0&amp;hl=en&amp;rclk=1","'048.8945656","","","4.9","","","","Closed · Opens 5 PMDirections","Directions","",""
"CURE N CARE DENTAL CENTRE","https://www.google.com/maps/place/CURE+N+CARE+DENTAL+CENTRE/data=!4m7!3m6!1s0x391903db15712a6b:0x1261fecf009d696e!8m2!3d31.4752214!4d74.2808619!16s%2Fg%2F11cnpjdgfh!19sChIJaypxFdsDGTkRbmmdAM_-YRI?authuser=0&amp;hl=en&amp;rclk=1","'048.8945656","https://curencaredentalcenter.com/","","4.9","","","","Closed · Opens 5 PMWebsiteDirections","WebsiteDirections","",""
"Dental Clinic by Dr Bilal","https://www.google.com/maps/place/Dental+Clinic+by+Dr+Bilal/data=!4m7!3m6!1s0x39190382b939c9a7:0x36b195da3c200cf!8m2!3d31.4685953!4d74.2664433!16s%2Fg%2F11lgqk9_jt!19sChIJp8k5uYIDGTkRzwDCo10ZawM?authuser=0&amp;hl=en&amp;rclk=1","'03316018700","https://dentistdrbilal.com/","","4.9","","","","Closed · Opens 11 AM Mon · +92 331 6018700WebsiteDirections","Mon · +92 331 6018700WebsiteDirections","",""
"Tooth Care Dental Practice","https://www.google.com/maps/place/Tooth+Care+Dental+Practice/data=!4m7!3m6!1s0x39190916c8b320db:0x199e98f20aa72442!8m2!3d31.4611461!4d74.4135301!16s%2Fg%2F11q2w_52_j!19sChIJ2yCzyBYJGTkRQiSnCvKYnhk?authuser=0&amp;hl=en&amp;rclk=1","'03090881010","https://toothcaredentalpractice.com/","","5.0","","","","Closed · Opens 7:30 PM · +92 309 0881010WebsiteDirections","+92 309 0881010WebsiteDirections","",""
"FAMILY DENTAL CLINIC- Lahore","https://www.google.com/maps/place/FAMILY+DENTAL+CLINIC-+Lahore/data=!4m7!3m6!1s0x3919068fb0498737:0x32a0ed51666f1507!8m2!3d31.4607592!4d74.3492135!16s%2Fg%2F11g6xs1ftt!19sChIJN4dJsI8GGTkRBxVvZlHtoDI?authuser=0&amp;hl=en&amp;rclk=1","'04235805500","https://familydentallahore.com/","","4.8","","","","Closed · Opens 12:30 PM Mon · +92 42 35805500WebsiteDirections","ILY DENTAL CLINIC- Lahore  4.8Dentist ·  · Flat # 3, 1st Floor, Lahore – Kasur Rd, beside qainchi FlyoverClosed · Opens 12:30 PM Mon · +92 42 35805500WebsiteDirections","",""
"Cavalry Dental Care","https://www.google.com/maps/place/Cavalry+Dental+Care/data=!4m7!3m6!1s0x391905ba6e16d591:0x41db34e599450dc8!8m2!3d31.5019115!4d74.3618893!16s%2Fg%2F11t6zdgydq!19sChIJkdUWbroFGTkRyA1FmeU020E?authuser=0&amp;hl=en&amp;rclk=1","'048.8945656","","","4.9","","","","Closed · Opens 3:30 PM MonDirections","MonDirections","",""
"Ideal Smile Dentistry","https://www.google.com/maps/place/Ideal+Smile+Dentistry/data=!4m7!3m6!1s0x3919066d9ff4cf65:0x81f881a47c69baac!8m2!3d31.4643445!4d74.3859928!16s%2Fg%2F11bwn2w9gn!19sChIJZc_0n20GGTkRrLppfKSB-IE?authuser=0&amp;hl=en&amp;rclk=1","'03234000101","https://www.idealsmiledentistry.pk/","","4.7","","","","Closed · Opens 12 PM Mon · +92 323 4000101WebsiteDirections","Mon · +92 323 4000101WebsiteDirections","",""
"Ali Dental Associates","https://www.google.com/maps/place/Ali+Dental+Associates/data=!4m7!3m6!1s0x391905dda5ee91cb:0x37b60431c8f30287!8m2!3d31.5667823!4d74.4004433!16s%2Fg%2F11w28fnd9y!19sChIJy5Hupd0FGTkRhwLzyDEEtjc?authuser=0&amp;hl=en&amp;rclk=1","'03347804477","http://www.alidentalassociates.com/","","4.8","","","","Closed · Opens 12 AM Mon · +92 334 7804477WebsiteDirections","Mon · +92 334 7804477WebsiteDirections","",""
"Lá Dental Aésthetique","https://www.google.com/maps/place/L%C3%A1+Dental+A%C3%A9sthetique/data=!4m7!3m6!1s0x39190596e961009d:0x6da3b4333f59a50a!8m2!3d31.5421269!4d74.3302183!16s%2Fg%2F11thlc_tlj!19sChIJnQBh6ZYFGTkRCqVZPzO0o20?authuser=0&amp;hl=en&amp;rclk=1","'03368960000","https://ladentalaesthetique.com/","","4.8","","","78 Jail Rd","Closed · Opens 3 PM · +92 336 8960000WebsiteDirections","+92 336 8960000WebsiteDirections","",""
"Dream Smile Dental Clinic","https://www.google.com/maps/place/Dream+Smile+Dental+Clinic/data=!4m7!3m6!1s0x3918ff1edf45006b:0xace9556b6ee4adad!8m2!3d31.369259!4d74.1869182!16s%2Fg%2F11hgn83j4b!19sChIJawBF3x7_GDkRra3kbmtV6aw?authuser=0&amp;hl=en&amp;rclk=1","'03254888111","","","4.8","","","","Closed · Opens 6:30 PM · +92 325 4888111Directions","+92 325 4888111Directions","",""
"Innovodent dental clinic Dr Talal & associates","https://www.google.com/maps/place/Innovodent+dental+clinic+Dr+Talal+%26+associates/data=!4m7!3m6!1s0x39191d83007968c3:0xb8ee717e568cdddd!8m2!3d31.5631048!4d74.2800157!16s%2Fg%2F11gtg5sc3w!19sChIJw2h5AIMdGTkR3d2MVn5x7rg?authuser=0&amp;hl=en&amp;rclk=1","'03188421992","https://www.facebook.com/innovoDent?mibextid=ZbWKwL","","4.9","","","","Closed · Opens 4 PM Mon · +92 318 8421992WebsiteDirections","Mon · +92 318 8421992WebsiteDirections","",""
"DentX Dental & Physiotherapy Clinic","https://www.google.com/maps/place/DentX+Dental+%26+Physiotherapy+Clinic/data=!4m7!3m6!1s0x391901813b8abbcf:0x31f79f4d6f01115f!8m2!3d31.4196801!4d74.2627963!16s%2Fg%2F11rzqbtqhq!19sChIJz7uKO4EBGTkRXxEBb02f9zE?authuser=0&amp;hl=en&amp;rclk=1","'03001750502","https://thedentxclinic.com/","","5.0","","","","Closed · Opens 11 AM · +92 300 1750502WebsiteDirections","+92 300 1750502WebsiteDirections","",""
"Ghani Dental Care","https://www.google.com/maps/place/Ghani+Dental+Care/data=!4m7!3m6!1s0x391905da68e06649:0x5569bbe6b4fe8a77!8m2!3d31.4762025!4d74.336153!16s%2Fg%2F11ldkp88pq!19sChIJSWbgaNoFGTkRd4r-tOa7aVU?authuser=0&amp;hl=en&amp;rclk=1","'03334984980","http://www.gdclahore.com/","","5.0","","","","Closed · Opens 4 PM Mon · +92 333 4984980WebsiteDirections","Mon · +92 333 4984980WebsiteDirections","",""
"Aamir Dental Surgery Bahria Town","https://www.google.com/maps/place/Aamir+Dental+Surgery+Bahria+Town/data=!4m7!3m6!1s0x3918ff0f3769ba07:0x46359a72bf950ab7!8m2!3d31.3754019!4d74.185311!16s%2Fg%2F11j9ftl_pt!19sChIJB7ppNw__GDkRtwqVv3KaNUY?authuser=0&amp;hl=en&amp;rclk=1","'03164707303","https://adsdentalgroup.pk/","","4.9","","","","Closed · Opens 12 PM Mon · +92 316 4707303WebsiteDirections","Mon · +92 316 4707303WebsiteDirections","",""
"Crystal Skin and Dental Aesthetic Clinic - Best Skin Specialist in Lahore - Dentist in Lahore","https://www.google.com/maps/place/Crystal+Skin+and+Dental+Aesthetic+Clinic+-+Best+Skin+Specialist+in+Lahore+-+Dentist+in+Lahore/data=!4m7!3m6!1s0x391905bb60dfd911:0x4d12889f57644fee!8m2!3d31.5031671!4d74.3322541!16s%2Fg%2F11myjrr_7l!19sChIJEdnfYLsFGTkR7k9kV5-IEk0?authuser=0&amp;hl=en&amp;rclk=1","'03324654408","https://raw4y.my.canva.site/dental-clinic","","5.0","","","3 Ferozepur Road","","","",""
"DENTAL HOUSE","https://www.google.com/maps/place/DENTAL+HOUSE/data=!4m7!3m6!1s0x391903dbad150c11:0xeb225f680a7101a2!8m2!3d31.4734692!4d74.2795868!16s%2Fg%2F11c20892dm!19sChIJEQwVrdsDGTkRogFxCmhfIus?authuser=0&amp;hl=en&amp;rclk=1","'03454114240","https://www.instagram.com/dentalhouse_pakistan/","","5.0","","","","Closed · Opens 7 PM · +92 345 4114240WebsiteDirections","+92 345 4114240WebsiteDirections","",""
"Tooth Care Experts","https://www.google.com/maps/place/Tooth+Care+Experts/data=!4m7!3m6!1s0x391904bd85f18ccb:0xe73e2bc49074483c!8m2!3d31.5390064!4d74.3276515!16s%2Fg%2F11c3kql14r!19sChIJy4zxhb0EGTkRPEh0kMQrPuc?authuser=0&amp;hl=en&amp;rclk=1","'03214761002","http://www.toothcareexperts.com/","","4.8","","","","Closed · Opens 5 PM Mon · +92 321 4761002WebsiteDirections","Mon · +92 321 4761002WebsiteDirections","",""
"ULTRA SMILE DENTAL SURGERY","https://www.google.com/maps/place/ULTRA+SMILE+DENTAL+SURGERY/data=!4m7!3m6!1s0x3918fdb6505135d7:0xa392395cb9ff09bd!8m2!3d31.456521!4d74.2020614!16s%2Fg%2F11jzc0mwz2!19sChIJ1zVRULb9GDkRvQn_uVw5kqM?authuser=0&amp;hl=en&amp;rclk=1","'03000890606","https://ultrasmileaesthetics.com/","","4.8","","","","Closed · Opens 3 PM Mon · +92 300 0890606WebsiteDirections","Mon · +92 300 0890606WebsiteDirections","",""
"Dental Precision","https://www.google.com/maps/place/Dental+Precision/data=!4m7!3m6!1s0x391901dea1531113:0x6d6a9100384152bc!8m2!3d31.4431349!4d74.2604424!16s%2Fg%2F11q9m5ljng!19sChIJExFTod4BGTkRvFJBOACRam0?authuser=0&amp;hl=en&amp;rclk=1","'03251000111","https://www.dentalprecision.pk/","","4.9","","","","Closed · Opens 4 PM · +92 325 1000111WebsiteDirections","+92 325 1000111WebsiteDirections","",""
"Tru Smile Dental","https://www.google.com/maps/place/Tru+Smile+Dental/data=!4m7!3m6!1s0x391907778561fc3d:0xbef523953804bde!8m2!3d31.4689595!4d74.4526011!16s%2Fg%2F11smmjtb8x!19sChIJPfxhhXcHGTkR3kuAUzlS7ws?authuser=0&amp;hl=en&amp;rclk=1","'03223777383","https://trusmilelahore.com/","","5.0","","","","Closed · Opens 3 PM Mon · +92 322 3777383WebsiteDirections","Mon · +92 322 3777383WebsiteDirections","",""
"Waqas Medical and Dental Clinic","https://www.google.com/maps/place/Waqas+Medical+and+Dental+Clinic/data=!4m7!3m6!1s0x391901c443822e9f:0x5baa66b88136611d!8m2!3d31.4329943!4d74.3070841!16s%2Fg%2F11tj6mrrx2!19sChIJny6CQ8QBGTkRHWE2gbhmqls?authuser=0&amp;hl=en&amp;rclk=1","'03214488421","","","5.0","","","644 Hassan Basri Rd","Closed · Opens 11 AM Mon · +92 321 4488421Directions","Mon · +92 321 4488421Directions","",""
"Aamir's Dental Surgery","https://www.google.com/maps/place/Aamir%27s+Dental+Surgery/data=!4m7!3m6!1s0x391904915e3b1203:0xe5e82f870940dc0a!8m2!3d31.5312069!4d74.3286897!16s%2Fg%2F11xdtrkgb!19sChIJAxI7XpEEGTkRCtxACYcv6OU?authuser=0&amp;hl=en&amp;rclk=1","'04235403631","http://www.aamirsdentalsurgery.com/","","4.7","","","","Closed · Opens 10:30 AM Mon · +92 42 35403631WebsiteDirections","Mon · +92 42 35403631WebsiteDirections","",""
"Perfect Teeth","https://www.google.com/maps/place/Perfect+Teeth/data=!4m7!3m6!1s0x3919017cec500863:0x872ca58b911c1992!8m2!3d31.4613125!4d74.2746875!16s%2Fg%2F11c30xx2jm!19sChIJYwhQ7HwBGTkRkhkckYulLIc?authuser=0&amp;hl=en&amp;rclk=1","'03207373328","http://www.perfectteeth.com.pk/","","4.8","","","","Closed · Opens 5 PM Mon · +92 320 7373328WebsiteDirections","Mon · +92 320 7373328WebsiteDirections","",""
"Serene Dental Aesthetics","https://www.google.com/maps/place/Serene+Dental+Aesthetics/data=!4m7!3m6!1s0x39190324d2d49c3d:0x8d0a8e1e02301574!8m2!3d31.3687865!4d74.2409045!16s%2Fg%2F11sbp_wtv6!19sChIJPZzU0iQDGTkRdBUwAh6OCo0?authuser=0&amp;hl=en&amp;rclk=1","'03302737363","","","5.0","","","","Closed · Opens 7 PM Mon · +92 330 2737363Directions","Mon · +92 330 2737363Directions","",""
"Dental Wellness","https://www.google.com/maps/place/Dental+Wellness/data=!4m7!3m6!1s0x391902289f74cbc1:0xd41d5f945e87cb47!8m2!3d31.4669583!4d74.2528749!16s%2Fg%2F11b8t6hltk!19sChIJwct0nygCGTkRR8uHXpRfHdQ?authuser=0&amp;hl=en&amp;rclk=1","'03214437371","http://www.facebook.com/dentalwellness385","","4.8","","","","Closed · Opens 3 PM Mon · +92 321 4437371WebsiteDirections","Mon · +92 321 4437371WebsiteDirections","",""
"Dentology Dental Clinic","https://www.google.com/maps/place/Dentology+Dental+Clinic/data=!4m7!3m6!1s0x3919016cf0076b0f:0x22fc1110b0ef2da8!8m2!3d31.4459174!4d74.2805142!16s%2Fg%2F11f_m0532t!19sChIJD2sH8GwBGTkRqC3vsBAR_CI?authuser=0&amp;hl=en&amp;rclk=1","'04235463979","https://www.dentologydentalclinic.com/","","4.8","","","","Closed · Opens 1 PM Mon · +92 42 35463979WebsiteDirections","Mon · +92 42 35463979WebsiteDirections","",""
"Alina Dental clinics, Orthodontics and Implantology center","https://www.google.com/maps/place/Alina+Dental+clinics,+Orthodontics+and+Implantology+center/data=!4m7!3m6!1s0x39190100a1e3047d:0x49ea4bc6c69456d!8m2!3d31.4237969!4d74.2651584!16s%2Fg%2F1tz74c43!19sChIJfQTjoQABGTkRbUVpbLykngQ?authuser=0&amp;hl=en&amp;rclk=1","'03111248888","http://www.alinadentalclinic.com/","","4.8","","","","Closed · Opens 12 PM Mon · +92 311 1248888WebsiteDirections","Mon · +92 311 1248888WebsiteDirections","",""
"The Smile Studio Dental Clinic","https://www.google.com/maps/place/The+Smile+Studio+Dental+Clinic/data=!4m7!3m6!1s0x391907c310d3aabd:0x11d08273376d9498!8m2!3d31.4715881!4d74.372977!16s%2Fg%2F11fn0d1w4h!19sChIJvarTEMMHGTkRmJRtN3OC0BE?authuser=0&amp;hl=en&amp;rclk=1","'03214461306","https://smiledentalpk.com/","","4.9","","","","Closed · Opens 2 PM Mon · +92 321 4461306WebsiteDirections","Mon · +92 321 4461306WebsiteDirections","",""
"ideal dental clinic","https://www.google.com/maps/place/ideal+dental+clinic/data=!4m7!3m6!1s0x3918ff7cf28a4cf3:0xe76e1e6d85b8e587!8m2!3d31.4065368!4d74.1918476!16s%2Fg%2F11shy0fqcd!19sChIJ80yK8nz_GDkRh-W4hW0ebuc?authuser=0&amp;hl=en&amp;rclk=1","'03004755755","","","4.9","","","","Closed · Opens 9 AM · +92 300 4755755Directions","+92 300 4755755Directions","",""
"DR HAMZA DENTAL CENTRE","https://www.google.com/maps/place/DR+HAMZA+DENTAL+CENTRE/data=!4m7!3m6!1s0x391903aa48a1f155:0x3a1168341ecb014f!8m2!3d31.5132789!4d74.2926406!16s%2Fg%2F11ny31wjf8!19sChIJVfGhSKoDGTkRTwHLHjRoETo?authuser=0&amp;hl=en&amp;rclk=1","'03000479820","https://hamzadentalcentre.com/?utm_source=GBP&utm_medium=GBPWebLink&utm_campaign=DrhamzaGBP","","4.8","","","","Closed · Opens 2:30 PM Mon · +92 300 0479820WebsiteDirections","ZA DENTAL CENTRE  4.8Dental clinic · 361Closed · Opens 2:30 PM Mon · +92 300 0479820WebsiteDirections","",""
"Tiny Tooth Dental Clinic","https://www.google.com/maps/place/Tiny+Tooth+Dental+Clinic/data=!4m7!3m6!1s0x391905f78727e73d:0xc93c1f5fd8edeabc!8m2!3d31.5038354!4d74.318149!16s%2Fg%2F11v05t38dd!19sChIJPecnh_cFGTkRvOrt2F8fPMk?authuser=0&amp;hl=en&amp;rclk=1","'03334772774","https://linktr.ee/tinytooth","","4.9","","","","Closed · Opens 4 PM Mon · +92 333 4772774WebsiteDirections","Mon · +92 333 4772774WebsiteDirections","",""
"DENTAL ART","https://www.google.com/maps/place/DENTAL+ART/data=!4m7!3m6!1s0x391903a87a612ce3:0x3dad30c45ff00de6!8m2!3d31.4342277!4d74.2773343!16s%2Fg%2F11b7740376!19sChIJ4yxheqgDGTkR5g3wX8QwrT0?authuser=0&amp;hl=en&amp;rclk=1","'03008023813","https://dentalart.net.pk/","","4.4","","","","Closed · Opens 8 AM Mon · +92 300 8023813WebsiteDirections","Mon · +92 300 8023813WebsiteDirections","",""
"House of Dentistry","https://www.google.com/maps/place/House+of+Dentistry/data=!4m7!3m6!1s0x391909c075dd6f6d:0x4a35f355f7868a30!8m2!3d31.4618872!4d74.413157!16s%2Fg%2F11vwprqbkj!19sChIJbW_ddcAJGTkRMIqG91XzNUo?authuser=0&amp;hl=en&amp;rclk=1","'03049990559","https://houseofdentistry.com.pk/","","5.0","","","","Closed · Opens 3:30 PM Mon · +92 304 9990559WebsiteDirections","Mon · +92 304 9990559WebsiteDirections","",""
"Dental Pearl Clinic","https://www.google.com/maps/place/Dental+Pearl+Clinic/data=!4m7!3m6!1s0x391901bbaed0e0b7:0x4fa8daacb959acb5!8m2!3d31.4540814!4d74.2837541!16s%2Fg%2F11h3k52pt3!19sChIJt-DQrrsBGTkRtaxZuazaqE8?authuser=0&amp;hl=en&amp;rclk=1","'03453114737","https://www.dentalpearlclinic.com/","","5.0","","","","Closed · Opens 10:30 AM Mon · +92 345 3114737WebsiteDirections","Mon · +92 345 3114737WebsiteDirections","",""
"Wahdat Dental Care Centre","https://www.google.com/maps/place/Wahdat+Dental+Care+Centre/data=!4m7!3m6!1s0x3919052cee913a5b:0x37dec3648051257!8m2!3d31.5203505!4d74.3213683!16s%2Fg%2F11t95hvx_z!19sChIJWzqR7iwFGTkRVxIFSDbsfQM?authuser=0&amp;hl=en&amp;rclk=1","'03037811962","","","4.9","","","","Closed · Opens 4 PM Mon · +92 303 7811962Directions","Mon · +92 303 7811962Directions","",""
"Premium Dental Care, Salam Medical Complex, Lahore","https://www.google.com/maps/place/Premium+Dental+Care,+Salam+Medical+Complex,+Lahore/data=!4m7!3m6!1s0x391905f4c6d8a0e7:0x8d2cf3bb0332c3b4!8m2!3d31.5008552!4d74.3325225!16s%2Fg%2F11vdgjwmkl!19sChIJ56DYxvQFGTkRtMMyA7vzLI0?authuser=0&amp;hl=en&amp;rclk=1","'03001789778","https://www.instagram.com/salamdental8?igsh=NjBzbzFjMWYzdjZr","","5.0","","","","Closed · Opens 3 PM Mon · +92 300 1789778WebsiteDirections","Mon · +92 300 1789778WebsiteDirections","",""
"MIAN DENTAL CLINIC میاں ڈینٹل کلینک","https://www.google.com/maps/place/MIAN+DENTAL+CLINIC+%D9%85%DB%8C%D8%A7%DA%BA+%DA%88%DB%8C%D9%86%D9%B9%D9%84+%DA%A9%D9%84%DB%8C%D9%86%DA%A9%E2%80%AD/data=!4m7!3m6!1s0x391907006c623cdd:0xde30a173859c8119!8m2!3d31.4572198!4d74.3656508!16s%2Fg%2F11ybk9drts!19sChIJ3TxibAAHGTkRGYGchXOhMN4?authuser=0&amp;hl=en&amp;rclk=1","'03217131802","","","4.9","","","","Closed · Opens 9 AM · +92 321 7131802Directions","+92 321 7131802Directions","",""
"Waleed Dental and medical Center","https://www.google.com/maps/place/Waleed+Dental+and+medical+Center/data=!4m7!3m6!1s0x3919049f0c647dc3:0x41dfde7d3efcbba1!8m2!3d31.5380766!4d74.316704!16s%2Fg%2F11fxfphftb!19sChIJw31kDJ8EGTkRobv8Pn3e30E?authuser=0&amp;hl=en&amp;rclk=1","'03244437344","","","4.8","","","","Closed · Opens 10 AM Mon · +92 324 4437344Directions","Mon · +92 324 4437344Directions","",""
"Smile Pod Dental Clinic","https://www.google.com/maps/place/Smile+Pod+Dental+Clinic/data=!4m7!3m6!1s0x3919044f35395555:0xfca6f9becf90848f!8m2!3d31.5177602!4d74.3362106!16s%2Fg%2F11dxsbnf_x!19sChIJVVU5NU8EGTkRj4SQz775pvw?authuser=0&amp;hl=en&amp;rclk=1","'03084582111","https://smilepod.pk/","Gym","4.9","","","","Closed · Opens 3 PM Mon · +92 308 4582111WebsiteDirections","Mon · +92 308 4582111WebsiteDirections","",""
"Dental Works and Aesthetics","https://www.google.com/maps/place/Dental+Works+and+Aesthetics/data=!4m7!3m6!1s0x391904117f05d647:0xaf432cfdbe369de1!8m2!3d31.4885113!4d74.326463!16s%2Fg%2F11c0qs0x6q!19sChIJR9YFfxEEGTkR4Z02vv0sQ68?authuser=0&amp;hl=en&amp;rclk=1","'03249400054","https://dwalahore.com/","","4.8","","","","Closed · Opens 4 PM Mon · +92 324 9400054WebsiteDirections","Mon · +92 324 9400054WebsiteDirections","",""
"NIAZI DENTAL SQUARE","https://www.google.com/maps/place/NIAZI+DENTAL+SQUARE/data=!4m7!3m6!1s0x3919012b738e4e7f:0x1c3f8ad74d934bc3!8m2!3d31.4016352!4d74.2639007!16s%2Fg%2F11svls3svs!19sChIJf06OcysBGTkRw0uTTdeKPxw?authuser=0&amp;hl=en&amp;rclk=1","'03057297212","","","4.9","","","","Closed · Opens 11 AM Mon · +92 305 7297212Directions","Mon · +92 305 7297212Directions","",""
"DENTAL SPECIALIST - Dr.Asdaq Asim","https://www.google.com/maps/place/DENTAL+SPECIALIST+-+Dr.Asdaq+Asim/data=!4m7!3m6!1s0x391903a7ad311f3f:0x991cf9d61222c64!8m2!3d31.5473162!4d74.2904844!16s%2Fg%2F11dx8jgg7f!19sChIJPx8xracDGTkRZCwiYZ3PkQk?authuser=0&amp;hl=en&amp;rclk=1","'03008879554","","","4.9","","","","Closed · Opens 4 PM Mon · +92 300 8879554Directions","Mon · +92 300 8879554Directions","",""
"Dental Hospital icld","https://www.google.com/maps/place/Dental+Hospital+icld/data=!4m7!3m6!1s0x3919046a17bd998f:0x3f216146b835153a!8m2!3d31.5030476!4d74.3324782!16s%2Fg%2F11bbrn4k38!19sChIJj5m9F2oEGTkROhU1uEZhIT8?authuser=0&amp;hl=en&amp;rclk=1","'03008404689","","","4.9","","","","","","",""
"Lahore Dental & Medical Centre","https://www.google.com/maps/place/Lahore+Dental+%26+Medical+Centre/data=!4m7!3m6!1s0x391903fd8aeb706b:0x37195b0f448002e7!8m2!3d31.4690629!4d74.3044994!16s%2Fg%2F11xcxy00j!19sChIJa3Driv0DGTkR5wKARA9bGTc?authuser=0&amp;hl=en&amp;rclk=1","'04235179336","","","4.6","","","840 C Maulana Shaukat Ali Rd","Closed · Opens 10 AM Mon · +92 42 35179336Directions","Mon · +92 42 35179336Directions","",""
"THE DENTAL HOME","https://www.google.com/maps/place/THE+DENTAL+HOME/data=!4m7!3m6!1s0x3919053e732e89d3:0xc4c8cac38adc917f!8m2!3d31.5463624!4d74.3771538!16s%2Fg%2F11fy53h9dh!19sChIJ04kucz4FGTkRf5HcisPKyMQ?authuser=0&amp;hl=en&amp;rclk=1","'03042727277","","","5.0","","","","Closed · Opens 6:30 PM Mon · +92 304 2727277Directions","Mon · +92 304 2727277Directions","",""
"Dental Surgeons","https://www.google.com/maps/place/Dental+Surgeons/data=!4m7!3m6!1s0x391905385408b2fb:0xe00c8ed82bda5457!8m2!3d31.5268799!4d74.3548952!16s%2Fg%2F11fqc8x6vx!19sChIJ-7IIVDgFGTkRV1TaK9iODOA?authuser=0&amp;hl=en&amp;rclk=1","'03004147704","https://dentalsurgeons.pk/","","4.9","","","","Closed · Opens 3 PM Mon · +92 300 4147704WebsiteDirections","Mon · +92 300 4147704WebsiteDirections","",""
"Dental Trends","https://www.google.com/maps/place/Dental+Trends/data=!4m7!3m6!1s0x39190377ac192d0f:0x1bbb5f91ebc769c3!8m2!3d31.5415542!4d74.3076505!16s%2Fg%2F11h6xm0_qd!19sChIJDy0ZrHcDGTkRw2nH65Ffuxs?authuser=0&amp;hl=en&amp;rclk=1","'03114719494","","","5.0","","","","Closed · Opens 4 PM Mon · +92 311 4719494Directions","Mon · +92 311 4719494Directions","",""
"Rahman and Rahman Dental Surgeons Packages Mall","https://www.google.com/maps/place/Rahman+and+Rahman+Dental+Surgeons+Packages+Mall/data=!4m7!3m6!1s0x391907250c57d2f5:0x5dc2c1ebd1afa9c1!8m2!3d31.4715647!4d74.357403!16s%2Fg%2F11hz9d3294!19sChIJ9dJXDCUHGTkRwamv0evBwl0?authuser=0&amp;hl=en&amp;rclk=1","'03222231119","https://rahmanandrahmanpackages.com/","","4.8","","","","Closed · Opens 12 PM Mon · +92 322 2231119WebsiteDirections","Mon · +92 322 2231119WebsiteDirections","",""
"Dental Sense Clinic","https://www.google.com/maps/place/Dental+Sense+Clinic/data=!4m7!3m6!1s0x39190530e3b6a5d1:0xe1ee999d06390c2e!8m2!3d31.5394306!4d74.3491391!16s%2Fg%2F11h07jsgsv!19sChIJ0aW24zAFGTkRLgw5Bp2Z7uE?authuser=0&amp;hl=en&amp;rclk=1","'03227564594","http://dentalsense.pk/","","4.9","","","35 Zafar Ali Rd","Closed · Opens 3 PM Mon · +92 322 7564594WebsiteDirections","Mon · +92 322 7564594WebsiteDirections","",""
"The Dental Practice","https://www.google.com/maps/place/The+Dental+Practice/data=!4m7!3m6!1s0x3919046b80412201:0x1376f59b11136d7a!8m2!3d31.4973991!4d74.3294934!16s%2Fg%2F11ggg586q7!19sChIJASJBgGsEGTkRem0TEZv1dhM?authuser=0&amp;hl=en&amp;rclk=1","'04235864011","https://thedentalpractices.com/","","4.9","","","","Closed · Opens 4 PM · +92 42 35864011WebsiteDirections","+92 42 35864011WebsiteDirections","",""
"vanced Dental Practice, Lahore.","https://www.google.com/maps/place/Advanced+Dental+Practice,+Lahore./data=!4m7!3m6!1s0x391904f9111063b9:0xde5e842210aba332!8m2!3d31.5230819!4d74.3509478!16s%2Fg%2F11cfjhlqc!19sChIJuWMQEfkEGTkRMqOrECKEXt4?authuser=0&amp;hl=en&amp;rclk=1","'04235756145","http://www.adpdentist.com/","","4.5","","","","Closed · Opens 12 PM Mon · +92 42 35756145WebsiteDirections","Mon · +92 42 35756145WebsiteDirections","",""
"Smile Experts Dental Clinic","https://www.google.com/maps/place/Smile+Experts+Dental+Clinic/data=!4m7!3m6!1s0x3918ff91c0ebfe8f:0xf5d0a2fa788df0d9!8m2!3d31.3774731!4d74.1869056!16s%2Fg%2F11f5453smk!19sChIJj_7rwJH_GDkR2fCNePqi0PU?authuser=0&amp;hl=en&amp;rclk=1","'03016452887","","","4.9","","","","Closed · Opens 11 AM Mon · +92 301 6452887Directions","Mon · +92 301 6452887Directions","",""
"Century Healthcare: Dental and Health services","https://www.google.com/maps/place/Century+Healthcare:+Dental+and+Health+services/data=!4m7!3m6!1s0x39190391c6edacfb:0x295caeb5396b4086!8m2!3d31.5259482!4d74.291837!16s%2Fg%2F11np8829k2!19sChIJ-6ztxpEDGTkRhkBrObWuXCk?authuser=0&amp;hl=en&amp;rclk=1","'03140704401","","","4.8","","","","Closed · Opens 3 PM Mon · +92 314 0704401Directions","Mon · +92 314 0704401Directions","",""
"VISAGE Dental Cinic","https://www.google.com/maps/place/VISAGE+Dental+Cinic/data=!4m7!3m6!1s0x3919050b7e2214ff:0x8c7f91122fb6cb1f!8m2!3d31.4731879!4d74.3793162!16s%2Fg%2F11c71clz8y!19sChIJ_xQifgsFGTkRH8u2LxKRf4w?authuser=0&amp;hl=en&amp;rclk=1","'03223100616","https://www.instagram.com/visagebyprof.saimarazaqsadozai/","","5.0","","","","Open · Closes 6 AM · +92 322 3100616WebsiteDirections","+92 322 3100616WebsiteDirections","",""
"Pearls 32 dental care  4.9Dental clinic · 166Closed · Opens 12 PM · +92 321 4693487Directions","https://www.google.com/maps/place/Pearls+32+dental+care/data=!4m7!3m6!1s0x39190185dc052d39:0xa6c221366ebdf068!8m2!3d31.4666228!4d74.2741287!16s%2Fg%2F11h0lj2yrz!19sChIJOS0F3IUBGTkRaPC9bjYhwqY?authuser=0&amp;hl=en&amp;rclk=1","'03214693487","","","4.9","","","","Closed · Opens 12 PM · +92 321 4693487Directions","+92 321 4693487Directions","",""
"The Dentist","https://www.google.com/maps/place/The+Dentist/data=!4m7!3m6!1s0x3919056e123ac031:0x228b87b4880c9fd4!8m2!3d31.5025579!4d74.434863!16s%2Fg%2F11ny55zkzm!19sChIJMcA6Em4FGTkR1J8MiLSHiyI?authuser=0&amp;hl=en&amp;rclk=1","'03124860062","http://thedentist-sm.com/","","5.0","","","","Closed · Opens 11 AM Mon · +92 312 4860062WebsiteDirections","Mon · +92 312 4860062WebsiteDirections","",""
"Dentist & Dentist","https://www.google.com/maps/place/Dentist+%26+Dentist/data=!4m7!3m6!1s0x391904e4e0c6333b:0x960bc8cccbf73526!8m2!3d31.5319663!4d74.3503981!16s%2Fg%2F1hd_9xq_0!19sChIJOzPG4OQEGTkRJjX3y8zIC5Y?authuser=0&amp;hl=en&amp;rclk=1","'03334222461","https://www.facebook.com/DentistnDentist/","","4.7","","","16 Main Gulberg Rd","Closed · Opens 11 AM Mon · +92 333 4222461WebsiteDirections","Mon · +92 333 4222461WebsiteDirections","",""
"Dental Pulse","https://www.google.com/maps/place/Dental+Pulse/data=!4m7!3m6!1s0x39191b340888dd23:0x69e82187de148a54!8m2!3d31.5852991!4d74.3878261!16s%2Fg%2F11mtrz851_!19sChIJI92ICDQbGTkRVIoU3och6Gk?authuser=0&amp;hl=en&amp;rclk=1","'03327410743","","","5.0","","","","Closed · Opens 5 PM · +92 332 7410743Directions","+92 332 7410743Directions","",""
"Ivory Dental Clinic (Dr.Nomair & Associates)","https://www.google.com/maps/place/Ivory+Dental+Clinic+%28Dr.Nomair+%26+Associates%29/data=!4m7!3m6!1s0x391909912d590b6d:0x2d5470c4dd378d4b!8m2!3d31.4691674!4d74.4394874!16s%2Fg%2F11j7yj1lgz!19sChIJbQtZLZEJGTkRS4033cRwVC0?authuser=0&amp;hl=en&amp;rclk=1","'03003643768","","","4.9","","","","Closed · Opens 3 PM Mon · +92 300 3643768Directions","Mon · +92 300 3643768Directions","",""
"Dental Bay","https://www.google.com/maps/place/Dental+Bay/data=!4m7!3m6!1s0x391903dd04854cd7:0x622ecbb2d67fe2a6!8m2!3d31.4643641!4d74.2747736!16s%2Fg%2F11gslxzrrc!19sChIJ10yFBN0DGTkRpuJ_1rLLLmI?authuser=0&amp;hl=en&amp;rclk=1","'03344222029","http://www.thedentalbay.com/","","4.9","","","784 Main Blvd","Closed · Opens 4 PM Mon · +92 334 4222029WebsiteDirections","Mon · +92 334 4222029WebsiteDirections","",""
"Dental Cafe - DHA Phase 4  5.0Dental clinic · Closed · Opens 4 PM Mon · +92 332 4679934Directions","https://www.google.com/maps/place/Dental+Cafe+-+DHA+Phase+4/data=!4m7!3m6!1s0x3919071485dc5ac5:0x3b78e39dd4066bf2!8m2!3d31.4629375!4d74.3831875!16s%2Fg%2F11t9x1nwzr!19sChIJxVrchRQHGTkR8msG1J3jeDs?authuser=0&amp;hl=en&amp;rclk=1","'03324679934","","Cafe","5.0","","","","Closed · Opens 4 PM Mon · +92 332 4679934Directions","Mon · +92 332 4679934Directions","",""
"Ayesha Dental Care","https://www.google.com/maps/place/Ayesha+Dental+Care/data=!4m7!3m6!1s0x391901b82dfda663:0xb24da3af0e66079d!8m2!3d31.4247585!4d74.2581968!16s%2Fg%2F11ny4dpv5g!19sChIJY6b9LbgBGTkRnQdmDq-jTbI?authuser=0&amp;hl=en&amp;rclk=1","'03338393999","http://www.ayeshadentalcare.com/","","4.9","","","","Closed · Opens 10:30 AM · +92 333 8393999WebsiteDirections","+92 333 8393999WebsiteDirections","",""
"The Dental Loft","https://www.google.com/maps/place/The+Dental+Loft/data=!4m7!3m6!1s0x391905fb2e75aa89:0x1fd6ecceb520cd6e!8m2!3d31.5361743!4d74.3384791!16s%2Fg%2F11l1d24v68!19sChIJiap1LvsFGTkRbs0gtc7s1h8?authuser=0&amp;hl=en&amp;rclk=1","'03210166600","","","5.0","","","","Closed · Opens 11 AM Mon · +92 321 0166600Directions","Mon · +92 321 0166600Directions","",""
"Rahman and Rahman Dental Surgeons Y Block Phase 3 DHA  4.7Dental clinic · 176Y Phase 3, Street 12 Commercial AreaClosed · Opens 12 PM Mon · +92 42 35724751Directions","https://www.google.com/maps/place/Rahman+and+Rahman+Dental+Surgeons+Y+Block+Phase+3+DHA/data=!4m7!3m6!1s0x39190673f247c757:0xb7c4637d7ea3a122!8m2!3d31.4717357!4d74.3774304!16s%2Fg%2F11zpt_ptr!19sChIJV8dH8nMGGTkRIqGjfn1jxLc?authuser=0&amp;hl=en&amp;rclk=1","'04235724751","","","4.7","","","","Closed · Opens 12 PM Mon · +92 42 35724751Directions","Mon · +92 42 35724751Directions","",""
"Family Smiles Dental Clinic","https://www.google.com/maps/place/Family+Smiles+Dental+Clinic/data=!4m7!3m6!1s0x391903daa45cebbb:0x5daec1de2b52e7d7!8m2!3d31.5335277!4d74.3041317!16s%2Fg%2F11t2_7f1_3!19sChIJu-tcpNoDGTkR1-dSK97Brl0?authuser=0&amp;hl=en&amp;rclk=1","'03128678671","","","5.0","","","","Closed · Opens 2 PM · +92 312 8678671Directions","+92 312 8678671Directions","",""
"CROWN CARE Dentist","https://www.google.com/maps/place/CROWN+CARE+Dentist/data=!4m7!3m6!1s0x39190f013d47e98d:0x3b63b7fcaace2b99!8m2!3d31.5309985!4d74.4540432!16s%2Fg%2F11h9zh8p16!19sChIJjelHPQEPGTkRmSvOqvy3Yzs?authuser=0&amp;hl=en&amp;rclk=1","'03204796919","https://crowncaredentist.com/","","5.0","","","","Closed · Opens 11 AM Mon · +92 320 4796919WebsiteDirections","Mon · +92 320 4796919WebsiteDirections","",""
"Teeth and Gums DHA","https://www.google.com/maps/place/Teeth+and+Gums+DHA/data=!4m7!3m6!1s0x391909a45737d70b:0x73b5d213dc0951c4!8m2!3d31.4747148!4d74.4703067!16s%2Fg%2F11jzd3387f!19sChIJC9c3V6QJGTkRxFEJ3BPStXM?authuser=0&amp;hl=en&amp;rclk=1","'03217088881","https://teethandgums.co/","","4.8","","","","Closed · Opens 12 PM Mon · +92 321 7088881WebsiteDirections","Mon · +92 321 7088881WebsiteDirections","",""
"Al-Rasheed Dental Clinic","https://www.google.com/maps/place/Al-Rasheed+Dental+Clinic/data=!4m7!3m6!1s0x391905d916c99f57:0x18d99baea467d2a!8m2!3d31.486631!4d74.3774405!16s%2Fg%2F11lfpqygsk!19sChIJV5_JFtkFGTkRKn1G6rqZjQE?authuser=0&amp;hl=en&amp;rclk=1","'03360434394","","","5.0","","","","Closed · Opens 6:30 PM Mon · +92 336 0434394Directions","Mon · +92 336 0434394Directions","",""
"Rehman Dental Care","https://www.google.com/maps/place/Rehman+Dental+Care/data=!4m7!3m6!1s0x39190382d65056cf:0x291802f80d2630f4!8m2!3d31.4719332!4d74.2784982!16s%2Fg%2F113hj2pdn!19sChIJz1ZQ1oIDGTkR9DAmDfgCGCk?authuser=0&amp;hl=en&amp;rclk=1","'03344203048","","","4.9","","","","Closed · Opens 2 PM · +92 334 4203048Directions","+92 334 4203048Directions","",""
"City Clinics & Dental Deziners","https://www.google.com/maps/place/City+Clinics+%26+Dental+Deziners/data=!4m7!3m6!1s0x39190176c02489cd:0xd2ef06960aabd61!8m2!3d31.4500306!4d74.2698073!16s%2Fg%2F11c2pj95q5!19sChIJzYkkwHYBGTkRYb2qYGnwLg0?authuser=0&amp;hl=en&amp;rclk=1","'03425311515","http://www.instagram.com/dentaldeziners","","4.8","","","","Closed · Opens 10 AM Mon · +92 342 5311515WebsiteDirections","Mon · +92 342 5311515WebsiteDirections","",""
"ConfiDENT Dental Practice","https://www.google.com/maps/place/ConfiDENT+Dental+Practice/data=!4m7!3m6!1s0x391903e28018451b:0x7c8278ca81c5ccfd!8m2!3d31.4662215!4d74.2939154!16s%2Fg%2F11dxjt74y9!19sChIJG0UYgOIDGTkR_czFgcp4gnw?authuser=0&amp;hl=en&amp;rclk=1","'03205500235","","","4.9","","","","Closed · Opens 10 AM Mon · +92 320 5500235Directions","Mon · +92 320 5500235Directions","",""
"CANAL DENTAL","https://www.google.com/maps/place/CANAL+DENTAL/data=!4m7!3m6!1s0x3918ff464161c841:0x1e1505796f285bf8!8m2!3d31.3953259!4d74.1751507!16s%2Fg%2F11ll8rgz0k!19sChIJQchhQUb_GDkR-Fsob3kFFR4?authuser=0&amp;hl=en&amp;rclk=1","'03027337339","","","4.7","","","","Closed · Opens 5 PM · +92 302 7337339Directions","+92 302 7337339Directions","",""
"Smile and Shine Dental Clinics","https://www.google.com/maps/place/Smile+and+Shine+Dental+Clinics/data=!4m7!3m6!1s0x39190177e4814687:0xde5fa8e2e4ce6cd6!8m2!3d31.4417667!4d74.2982729!16s%2Fg%2F11q9rvmsn7!19sChIJh0aB5HcBGTkR1mzO5OKoX94?authuser=0&amp;hl=en&amp;rclk=1","'03347512438","https://www.facebook.com/smileandshinedentalclinics/","","4.8","","","","Closed · Opens 10 AM · +92 334 7512438WebsiteDirections","+92 334 7512438WebsiteDirections","",""
"Asst. Prof. Dr. Ijaz Ur Rehman , Maxillofacial Surgeon , Implantologist, Best Dental Surgeon/Dentist in Lahore","https://www.google.com/maps/place/Asst.+Prof.+Dr.+Ijaz+Ur+Rehman+,+Maxillofacial+Surgeon+,+Implantologist,+Best+Dental+Surgeon%2FDentist+in+Lahore/data=!4m7!3m6!1s0x39190391daf55eff:0xb7d0e8a95f55c6f3!8m2!3d31.5067087!4d74.2811741!16s%2Fg%2F11j21906dj!19sChIJ_1712pEDGTkR88ZVX6no0Lc?authuser=0&amp;hl=en&amp;rclk=1","'03298254172","https://drijazurrehman.com.pk/","","5.0","","","","Closed · Opens 7 PM Mon · +92 329 8254172WebsiteDirections","Mon · +92 329 8254172WebsiteDirections","",""
"Rahman & Rahman The Premier","https://www.google.com/maps/place/Rahman+%26+Rahman+The+Premier/data=!4m7!3m6!1s0x3919056f6379aa49:0x99695df650942a9!8m2!3d31.5105248!4d74.316502!16s%2Fg%2F11h2kjqcl2!19sChIJSap5Y28FGTkRqUIJZd-Vlgk?authuser=0&amp;hl=en&amp;rclk=1","'04235926832","","","4.4","","","","Closed · Opens 11 AM Mon · +92 42 35926832Directions","Mon · +92 42 35926832Directions","",""
"DENTAL ART By Dr. Muhammad Ashfaq","https://www.google.com/maps/place/DENTAL+ART+By+Dr.+Muhammad+Ashfaq/data=!4m7!3m6!1s0x3919017523c2de6f:0xf40272c0cf45f90!8m2!3d31.4433235!4d74.2674037!16s%2Fg%2F11c45_zgrg!19sChIJb97CI3UBGTkRkF_0DCwnQA8?authuser=0&amp;hl=en&amp;rclk=1","'03009405659","https://www.facebook.com/DentalArt.DrAshfaq/","","4.9","","","","Closed · Opens 3 PM Mon · +92 300 9405659WebsiteDirections","Mon · +92 300 9405659WebsiteDirections","",""
"True Smile Dental Associates","https://www.google.com/maps/place/True+Smile+Dental+Associates/data=!4m7!3m6!1s0x3919072db0a20c83:0x2239b04a893d735!8m2!3d31.4546822!4d74.3659747!16s%2Fg%2F11jy3ndyz3!19sChIJgwyisC0HGTkRNdeTqASbIwI?authuser=0&amp;hl=en&amp;rclk=1","'03010149818","http://www.truesmiledentalassociates.com/","","4.8","","","","Closed · Opens 5:30 PM Mon · +92 301 0149818WebsiteDirections","Mon · +92 301 0149818WebsiteDirections","",""
"The Dental Suite","https://www.google.com/maps/place/The+Dental+Suite/data=!4m7!3m6!1s0x3919054bc8ffca91:0xbc6bb661c3e1390a!8m2!3d31.483523!4d74.299027!16s%2Fg%2F11rx3dbnwr!19sChIJkcr_yEsFGTkRCjnhw2G2a7w?authuser=0&amp;hl=en&amp;rclk=1","'03367858222","http://www.thedentalsuite.com.pk/","","5.0","","","","Closed · Opens 12 PM · +92 336 7858222WebsiteDirections","+92 336 7858222WebsiteDirections","",""
"confiDental","https://www.google.com/maps/place/confiDental/data=!4m7!3m6!1s0x3919066d9e100001:0x597a179ee1e42463!8m2!3d31.47181!4d74.377404!16s%2Fg%2F1thnm515!19sChIJAQAQnm0GGTkRYyTk4Z4Xelk?authuser=0&amp;hl=en&amp;rclk=1","'03334254716","http://confidental.com.pk/","","4.7","","","","Closed · Opens 12:30 PM Mon · +92 333 4254716WebsiteDirections","Mon · +92 333 4254716WebsiteDirections","",""
"Azhar Dental Studio","https://www.google.com/maps/place/Azhar+Dental+Studio/data=!4m7!3m6!1s0x3918ffa2c6210cb1:0x10e96546b8a39050!8m2!3d31.3882335!4d74.1819652!16s%2Fg%2F11dxjpv_4d!19sChIJsQwhxqL_GDkRUJCjuEZl6RA?authuser=0&amp;hl=en&amp;rclk=1","'03344317006","","","4.9","","","","Closed · Opens 4 PM Mon · +92 334 4317006Directions","Mon · +92 334 4317006Directions","",""
"Medlane Dental Clinic, Aesthetics & Rehabilitation","https://www.google.com/maps/place/Medlane+Dental+Clinic,+Aesthetics+%26+Rehabilitation/data=!4m7!3m6!1s0x391905ff262a7741:0x9a5b515e09593c4e!8m2!3d31.4615111!4d74.4237006!16s%2Fg%2F11r26s6q7l!19sChIJQXcqJv8FGTkRTjxZCV5RW5o?authuser=0&amp;hl=en&amp;rclk=1","'03095666566","","","4.9","","","","Closed · Opens 3 PM Mon · +92 309 5666566Directions","Mon · +92 309 5666566Directions","",""
"The Dental Co Dental Clinic in DHA Lahore","https://www.google.com/maps/place/The+Dental+Co+Dental+Clinic+in+DHA+Lahore/data=!4m7!3m6!1s0x39190747f31954c3:0x7cf86c5e16021f76!8m2!3d31.4617105!4d74.3707731!16s%2Fg%2F11swkmm23d!19sChIJw1QZ80cHGTkRdh8CFl5s-Hw?authuser=0&amp;hl=en&amp;rclk=1","'048.8945656","https://meerhealthcaregroup.com/","","5.0","","","","Closed · Opens 12 PMWebsiteDirections","WebsiteDirections","",""
"The Dental Specialists","https://www.google.com/maps/place/The+Dental+Specialists/data=!4m7!3m6!1s0x39190349ca4b87d3:0xfd3bd97b2ad4d328!8m2!3d31.4701896!4d74.2989031!16s%2Fg%2F11rxjhj8hg!19sChIJ04dLykkDGTkRKNPUKnvZO_0?authuser=0&amp;hl=en&amp;rclk=1","'03010888957","","","5.0","","","","Closed · Opens 11 AM Mon · +92 301 0888957Directions","Mon · +92 301 0888957Directions","",""
"Oak Tree Dental Practice","https://www.google.com/maps/place/Oak+Tree+Dental+Practice/data=!4m7!3m6!1s0x3918ff9fa1e343c9:0x44c78049b5d7f0d4!8m2!3d31.442501!4d74.207992!16s%2Fg%2F11rm88zd6l!19sChIJyUPjoZ__GDkR1PDXtUmAx0Q?authuser=0&amp;hl=en&amp;rclk=1","'03058888423","https://oaktreedentalpractice.com/","","5.0","","","","Closed · Opens 12 PM Mon · +92 305 8888423WebsiteDirections","Mon · +92 305 8888423WebsiteDirections","",""
"Broadway Dentistry","https://www.google.com/maps/place/Broadway+Dentistry/data=!4m7!3m6!1s0x3919053047851fa5:0x4d8739b5285013c6!8m2!3d31.5246045!4d74.351658!16s%2Fg%2F11k2c31hqh!19sChIJpR-FRzAFGTkRxhNQKLU5h00?authuser=0&amp;hl=en&amp;rclk=1","'04235752121","","","4.8","","","","Closed · Opens 1 PM Mon · +92 42 35752121Directions","Mon · +92 42 35752121Directions","",""
"Dr Tooth","https://www.google.com/maps/place/Dr+Tooth/data=!4m7!3m6!1s0x39190139dcb06fd7:0xba8c490c227f890d!8m2!3d31.4176146!4d74.2693524!16s%2Fg%2F11jx2wzxm6!19sChIJ12-w3DkBGTkRDYl_IgxJjLo?authuser=0&amp;hl=en&amp;rclk=1","'03359518124","","","4.6","","","","Closed · Opens 12 PM Mon · +92 335 9518124Directions","Mon · +92 335 9518124Directions","",""
"Smile Care Dental Clinic","https://www.google.com/maps/place/Smile+Care+Dental+Clinic/data=!4m7!3m6!1s0x3918fd28cb3adc4d:0xe61f3f917a279923!8m2!3d31.4582758!4d74.2016958!16s%2Fg%2F11nms7kb0x!19sChIJTdw6yyj9GDkRI5knepE_H-Y?authuser=0&amp;hl=en&amp;rclk=1","'03007607944","","","5.0","","","657 Multan Rd","Closed · Opens 12 PM Mon · +92 300 7607944Directions","Mon · +92 300 7607944Directions","",""
"Dental Experts","https://www.google.com/maps/place/Dental+Experts/data=!4m7!3m6!1s0x391903d4a305f499:0x47431f98c102f92e!8m2!3d31.4715762!4d74.2695056!16s%2Fg%2F11clysqk__!19sChIJmfQFo9QDGTkRLvkCwZgfQ0c?authuser=0&amp;hl=en&amp;rclk=1","'03018495903","https://dentalexperts.pk/","","4.2","","","","Closed · Opens 11 AM Mon · +92 301 8495903WebsiteDirections","Mon · +92 301 8495903WebsiteDirections","",""
"Sana Samin Dental Care","https://www.google.com/maps/place/Sana+Samin+Dental+Care/data=!4m7!3m6!1s0x391905fd1964107b:0xeb3d194e3bcbbe9d!8m2!3d31.48276!4d74.39574!16s%2Fg%2F11xq_w153!19sChIJexBkGf0FGTkRnb7LO04ZPes?authuser=0&amp;hl=en&amp;rclk=1","'04235746003","https://www.instagram.com/sana_samin_official/profilecard/?igsh=Ym91b3F2cjFyM2Nw","","4.6","","","","Closed · Opens 11:30 AM Mon · +92 42 35746003WebsiteDirections","Mon · +92 42 35746003WebsiteDirections","",""
"Dental Allure & Aesthetics","https://www.google.com/maps/place/Dental+Allure+%26+Aesthetics/data=!4m7!3m6!1s0x391905fc99da6f63:0xac7f1af56e53e241!8m2!3d31.5199201!4d74.3428225!16s%2Fg%2F11k3yn2xc7!19sChIJY2_amfwFGTkRQeJTbvUaf6w?authuser=0&amp;hl=en&amp;rclk=1","'03298900006","","","4.8","","","90 B Hali Rd","Closed · Opens 3:30 PM Mon · +92 329 8900006Directions","Mon · +92 329 8900006Directions","",""
"Smile Line Clinic","https://www.google.com/maps/place/Smile+Line+Clinic/data=!4m7!3m6!1s0x391905214db0a43d:0xfefcbcaf29b6d87f!8m2!3d31.548883!4d74.3639402!16s%2Fg%2F1hf3tc5d7!19sChIJPaSwTSEFGTkRf9i2Ka-8_P4?authuser=0&amp;hl=en&amp;rclk=1","'03444646707","http://www.facebook.com/smilelineclinic","","4.7","","","49 Main Infantry Rd","Closed · Opens 6 PM Mon · +92 344 4646707WebsiteDirections","Mon · +92 344 4646707WebsiteDirections","",""
"You've reached the end of the list.","","","","","","","","","","","",""